{"stats":{"minecraft:mined":{"mekanism:osmium_ore":29,"minecraft:clay":201,"gravestone:gravestone":6,"minecraft:granite":43,"minecraft:grass_block":3,"mekanism:tin_ore":23,"minecraft:cobblestone":11,"minecraft:spruce_leaves":2,"minecraft:diorite":20,"minecraft:large_fern":2,"minecraft:furnace":1,"minecraft:iron_ore":11,"minecraft:wheat":21,"minecraft:spruce_log":17,"minecraft:andesite":44,"minecraft:coal_ore":26,"mekanism:lead_ore":11,"minecraft:gravel":12,"minecraft:dirt":13,"minecraft:cobweb":1,"minecraft:stone":184},"minecraft:used":{"minecraft:wheat_seeds":36,"minecraft:diamond_boots":1,"minecraft:iron_shovel":104,"minecraft:stone_shovel":107,"minecraft:stone_pickaxe":108,"minecraft:wooden_pickaxe":45,"minecraft:torch":15,"minecraft:granite":12,"minecraft:bread":9,"minecraft:iron_pickaxe":250,"minecraft:diamond_chestplate":1,"minecraft:diamond_sword":1,"minecraft:wooden_sword":27,"minecraft:cobblestone":23,"minecraft:furnace":4,"minecraft:egg":1},"minecraft:killed_by":{"minecraft:skeleton":2,"minecraft:creeper":2,"minecraft:zombie":4},"minecraft:killed":{"minecraft:skeleton":2,"mekanismadditions:baby_skeleton":1,"minecraft:zombie":2},"minecraft:broken":{"minecraft:iron_pickaxe":1},"minecraft:crafted":{"minecraft:wooden_sword":1,"mekanism:ingot_tin":23,"minecraft:stone_shovel":1,"minecraft:diamond_sword":2,"minecraft:crafting_table":1,"mekanism:ingot_osmium":21,"minecraft:spruce_planks":68,"minecraft:wooden_pickaxe":2,"minecraft:iron_helmet":1,"minecraft:furnace":3,"minecraft:bucket":1,"mekanism:ingot_uranium":6,"minecraft:air":0,"minecraft:diamond_pickaxe":1,"minecraft:stick":104,"minecraft:iron_ingot":11,"minecraft:iron_pickaxe":1,"minecraft:stone_pickaxe":1,"minecraft:wooden_axe":1,"minecraft:iron_leggings":1,"minecraft:diamond_boots":1,"minecraft:torch":56,"minecraft:diamond_chestplate":1},"minecraft:picked_up":{"minecraft:wheat":21,"minecraft:clay_ball":800,"mekanism:raw_lead":11,"minecraft:andesite":44,"minecraft:flint":1,"minecraft:dirt":18,"minecraft:string":1,"minecraft:iron_shovel":1,"minecraft:bone":4,"minecraft:wheat_seeds":60,"eyemod:screwdriver":1,"minecraft:iron_pickaxe":1,"minecraft:furnace":1,"minecraft:egg":1,"minecraft:stick":2,"minecraft:raw_iron":11,"minecraft:torch":1,"minecraft:gravel":11,"minecraft:spruce_sapling":2,"minecraft:diorite":20,"minecraft:carrot":1,"minecraft:spruce_log":17,"mekanism:raw_osmium":29,"mekanism:raw_tin":23,"minecraft:arrow":5,"minecraft:granite":43,"minecraft:bone_meal":1,"minecraft:coal":26,"minecraft:snowball":6,"minecraft:cobblestone":206},"minecraft:dropped":{"minecraft:saddle":1,"minecraft:diamond_sword":1,"gravestone:obituary":3,"minecraft:wooden_pickaxe":1},"minecraft:custom":{"minecraft:interact_with_furnace":35,"minecraft:mob_kills":5,"minecraft:interact_with_crafting_table":23,"minecraft:leave_game":6,"minecraft:time_since_death":7159,"minecraft:sleep_in_bed":2,"minecraft:climb_one_cm":315,"minecraft:time_since_rest":7381,"minecraft:sprint_one_cm":83970,"minecraft:damage_taken":2510,"minecraft:walk_one_cm":127545,"minecraft:drop":6,"minecraft:damage_dealt":1107,"minecraft:fly_one_cm":26690,"minecraft:open_chest":32,"minecraft:crouch_one_cm":781,"minecraft:play_time":97035,"minecraft:deaths":8,"minecraft:sneak_time":465,"minecraft:jump":372,"minecraft:total_world_time":97035,"minecraft:fall_one_cm":6029}},"DataVersion":3465}