{"stats":{"minecraft:crafted":{"minecraft:wooden_sword":1,"minecraft:stone_shovel":1,"mekanism:ingot_osmium":21,"minecraft:furnace":3,"mekanism:ingot_uranium":6,"minecraft:stone_pickaxe":1,"minecraft:diamond_boots":1,"mekanism:ingot_tin":23,"minecraft:diamond_sword":3,"minecraft:crafting_table":2,"minecraft:spruce_planks":76,"minecraft:wooden_pickaxe":2,"minecraft:iron_helmet":1,"minecraft:bucket":1,"minecraft:bread":9,"minecraft:air":0,"minecraft:diamond_pickaxe":1,"minecraft:stick":104,"minecraft:iron_ingot":11,"minecraft:iron_pickaxe":1,"minecraft:wooden_axe":1,"minecraft:iron_leggings":1,"minecraft:white_bed":1,"minecraft:torch":56,"minecraft:diamond_chestplate":1},"minecraft:killed":{"minecraft:spider":1,"minecraft:skeleton":4,"mekanismadditions:baby_skeleton":1,"minecraft:pig":1,"mekanismadditions:baby_creeper":1,"minecraft:creeper":2,"minecraft:sheep":6,"minecraft:zombie":3},"minecraft:broken":{"minecraft:stone_pickaxe":1,"minecraft:iron_pickaxe":1},"minecraft:killed_by":{"minecraft:creeper":2,"minecraft:skeleton":2,"minecraft:zombie":5},"minecraft:dropped":{"minecraft:cobblestone":133,"minecraft:amethyst_block":5,"minecraft:granite":2,"minecraft:saddle":1,"minecraft:flint":1,"minecraft:dirt":3,"minecraft:diorite":77,"minecraft:mutton":7,"minecraft:snowball":5,"minecraft:iron_leggings":1,"gravestone:obituary":9,"minecraft:wooden_sword":1,"minecraft:bone_meal":1,"minecraft:iron_pickaxe":2,"minecraft:string":2,"minecraft:white_wool":4,"minecraft:spruce_sapling":4,"minecraft:redstone":90,"minecraft:bone":4,"minecraft:gravel":51,"minecraft:cobbled_deepslate":70,"minecraft:tuff":7,"minecraft:raw_iron":2,"minecraft:pumpkin_seeds":3,"minecraft:diamond_sword":2,"minecraft:spruce_planks":2,"minecraft:wooden_pickaxe":2},"minecraft:custom":{"minecraft:mob_kills":20,"minecraft:interact_with_crafting_table":27,"minecraft:leave_game":10,"minecraft:time_since_death":28297,"minecraft:climb_one_cm":315,"minecraft:sprint_one_cm":273393,"minecraft:walk_one_cm":277870,"minecraft:drop":67,"minecraft:talked_to_villager":1,"minecraft:play_time":198576,"minecraft:deaths":10,"minecraft:sneak_time":1411,"minecraft:jump":1780,"minecraft:walk_on_water_one_cm":199,"minecraft:total_world_time":198576,"minecraft:interact_with_furnace":36,"minecraft:sleep_in_bed":5,"minecraft:time_since_rest":14663,"minecraft:damage_taken":3380,"minecraft:damage_dealt":3277,"minecraft:fly_one_cm":407923,"minecraft:open_chest":40,"minecraft:crouch_one_cm":1930,"minecraft:fall_one_cm":8847},"minecraft:mined":{"minecraft:dark_oak_planks":6,"minecraft:tuff":74,"minecraft:white_bed":1,"minecraft:deepslate_diamond_ore":8,"mekanism:deepslate_osmium_ore":13,"minecraft:obsidian":10,"gravestone:gravestone":8,"minecraft:granite":52,"minecraft:budding_amethyst":1,"minecraft:grass_block":6,"minecraft:spruce_leaves":8,"minecraft:spawner":1,"minecraft:large_fern":5,"minecraft:furnace":1,"minecraft:iron_ore":13,"minecraft:cobbled_deepslate":9,"minecraft:andesite":44,"minecraft:deepslate_lapis_ore":3,"minecraft:gold_block":2,"minecraft:deepslate_iron_ore":5,"minecraft:stone":293,"mekanism:deepslate_lead_ore":11,"minecraft:deepslate_redstone_ore":35,"mekanism:osmium_ore":29,"minecraft:clay":240,"minecraft:calcite":6,"minecraft:poppy":1,"mekanism:tin_ore":26,"minecraft:cobblestone":20,"minecraft:deepslate_gold_ore":15,"minecraft:diorite":40,"minecraft:amethyst_block":5,"minecraft:wheat":38,"minecraft:sweet_berry_bush":19,"minecraft:spruce_log":19,"minecraft:pumpkin_stem":1,"minecraft:coal_ore":26,"mekanism:lead_ore":13,"minecraft:gravel":73,"mekanism:deepslate_fluorite_ore":35,"minecraft:dirt":17,"minecraft:cobweb":22,"mekanism:deepslate_uranium_ore":48,"minecraft:smooth_basalt":4,"minecraft:netherrack":38,"minecraft:deepslate":834,"minecraft:fern":1},"minecraft:picked_up":{"minecraft:wheat":60,"minecraft:clay_ball":800,"mekanism:raw_uranium":48,"minecraft:diamond_sword":2,"minecraft:gold_block":2,"gravestone:obituary":1,"minecraft:amethyst_block":5,"minecraft:string":28,"minecraft:iron_shovel":1,"minecraft:cobbled_deepslate":416,"eyemod:screwdriver":1,"minecraft:iron_pickaxe":1,"minecraft:furnace":1,"minecraft:egg":1,"minecraft:stick":2,"minecraft:raw_iron":18,"minecraft:torch":2,"minecraft:porkchop":3,"minecraft:diorite":40,"minecraft:carrot":1,"minecraft:redstone":154,"mekanism:raw_tin":26,"minecraft:dark_oak_planks":6,"minecraft:arrow":8,"minecraft:rotten_flesh":2,"minecraft:obsidian":10,"minecraft:mutton":10,"minecraft:snowball":11,"minecraft:white_wool":7,"minecraft:cobblestone":317,"mekanism:raw_lead":24,"minecraft:andesite":44,"minecraft:flint":7,"minecraft:tuff":7,"minecraft:lapis_lazuli":18,"minecraft:dirt":25,"minecraft:bone":8,"minecraft:wheat_seeds":107,"minecraft:raw_gold":15,"minecraft:sweet_berries":72,"minecraft:gravel":62,"minecraft:spruce_sapling":4,"minecraft:white_bed":2,"minecraft:spruce_log":19,"mekanism:raw_osmium":42,"minecraft:pumpkin_seeds":3,"minecraft:diamond":8,"minecraft:granite":45,"mekanism:fluorite_gem":104,"minecraft:bone_meal":1,"minecraft:netherrack":34,"minecraft:coal":26},"minecraft:used":{"minecraft:iron_shovel":199,"minecraft:stone_shovel":107,"minecraft:torch":21,"minecraft:dirt":4,"minecraft:mutton":3,"minecraft:carrot":2,"minecraft:granite":12,"minecraft:snowball":6,"minecraft:diamond_chestplate":1,"minecraft:sweet_berries":6,"minecraft:furnace":4,"minecraft:egg":1,"minecraft:cobbled_deepslate":89,"minecraft:iron_leggings":1,"minecraft:wheat_seeds":54,"minecraft:diorite":5,"minecraft:diamond_boots":1,"minecraft:stone_pickaxe":131,"minecraft:wooden_pickaxe":45,"minecraft:glow_berries":8,"minecraft:crafting_table":2,"minecraft:white_bed":1,"minecraft:diamond_pickaxe":1238,"minecraft:bread":18,"minecraft:iron_pickaxe":300,"minecraft:diamond_sword":59,"minecraft:wooden_sword":33,"minecraft:cobblestone":41,"minecraft:porkchop":3}},"DataVersion":3465}