{"stats":{"minecraft:crafted":{"minecraft:cooked_beef":3,"mekanismtools:osmium_sword":1,"mekanismtools:osmium_paxel":1,"minecraft:crafting_table":2,"minecraft:spruce_planks":228,"minecraft:wooden_pickaxe":1,"mekanismtools:osmium_shovel":1,"minecraft:furnace":1,"minecraft:bone_meal":6,"minecraft:birch_planks":4,"mekanism:ingot_lead":4,"minecraft:air":0,"mekanismtools:osmium_axe":1,"eyemod:screwdriver":1,"minecraft:diamond_helmet":1,"minecraft:diamond_leggings":1,"minecraft:diamond_pickaxe":1,"minecraft:stick":20,"minecraft:iron_ingot":19,"minecraft:iron_pickaxe":2,"minecraft:stone_pickaxe":1,"minecraft:chest":3,"minecraft:iron_shovel":1,"minecraft:diamond_boots":1,"minecraft:iron_leggings":1,"mekanismtools:osmium_pickaxe":1,"minecraft:diamond_chestplate":1},"minecraft:killed":{"minecraft:spider":1,"minecraft:frog":1,"minecraft:slime":44,"minecraft:creeper":1,"minecraft:skeleton":2,"minecraft:sheep":12,"minecraft:zombie":1,"minecraft:cow":12},"minecraft:killed_by":{"minecraft:zombie":1},"minecraft:broken":{"minecraft:stone_pickaxe":1,"minecraft:wooden_axe":1},"minecraft:dropped":{"minecraft:oak_planks":2,"minecraft:granite":1,"eyemod:screwdriver":1,"minecraft:iron_pickaxe":3,"minecraft:iron_shovel":2},"minecraft:custom":{"minecraft:interact_with_furnace":8,"minecraft:mob_kills":74,"minecraft:interact_with_crafting_table":17,"minecraft:leave_game":7,"minecraft:time_since_death":52535,"minecraft:sleep_in_bed":5,"minecraft:climb_one_cm":9580,"minecraft:time_since_rest":51178,"minecraft:sprint_one_cm":558140,"minecraft:damage_taken":1492,"minecraft:walk_one_cm":97732,"minecraft:drop":9,"minecraft:damage_dealt":4579,"minecraft:swim_one_cm":1339,"minecraft:talked_to_villager":1,"minecraft:fly_one_cm":343113,"minecraft:open_chest":35,"minecraft:crouch_one_cm":941,"minecraft:play_time":146344,"minecraft:deaths":3,"minecraft:sneak_time":969,"minecraft:walk_under_water_one_cm":35,"minecraft:jump":1830,"minecraft:walk_on_water_one_cm":36705,"minecraft:fall_one_cm":13035,"minecraft:total_world_time":146689},"minecraft:mined":{"minecraft:deepslate_redstone_ore":6,"minecraft:diamond_ore":2,"minecraft:tuff":83,"minecraft:brown_mushroom":16,"minecraft:deepslate_diamond_ore":44,"minecraft:clay":13,"minecraft:crafting_table":4,"minecraft:torch":4,"gravestone:gravestone":2,"minecraft:granite":45,"minecraft:grass_block":1,"minecraft:chest":1,"minecraft:dead_bush":4,"mekanism:tin_ore":7,"minecraft:cobblestone":4,"minecraft:spruce_leaves":7,"minecraft:sugar_cane":63,"minecraft:diorite":44,"minecraft:large_fern":2,"minecraft:seagrass":3,"minecraft:iron_ore":19,"minecraft:sweet_berry_bush":16,"minecraft:spruce_log":58,"minecraft:andesite":4,"minecraft:pumpkin":8,"minecraft:deepslate_lapis_ore":8,"minecraft:grass":5,"minecraft:coal_ore":25,"minecraft:vine":1,"minecraft:gravel":6,"minecraft:dirt":3,"mekanism:deepslate_uranium_ore":6,"minecraft:stone":166,"minecraft:oak_leaves":7,"minecraft:deepslate":253,"minecraft:fern":2},"minecraft:picked_up":{"minecraft:crafting_table":4,"minecraft:feather":1,"minecraft:clay_ball":56,"mekanism:raw_uranium":6,"minecraft:andesite":4,"minecraft:brown_wool":1,"minecraft:leather":7,"minecraft:brown_mushroom":15,"minecraft:diamond_sword":1,"minecraft:tuff":83,"gravestone:obituary":2,"minecraft:lapis_lazuli":54,"minecraft:dirt":21,"mekanism:salt":2,"minecraft:iron_shovel":1,"minecraft:bone":2,"minecraft:apple":1,"minecraft:wheat_seeds":4,"minecraft:cobbled_deepslate":253,"minecraft:rabbit_hide":1,"minecraft:beef":26,"minecraft:iron_pickaxe":2,"minecraft:sugar_cane":139,"minecraft:chest":1,"minecraft:oak_planks":2,"minecraft:stick":6,"minecraft:raw_iron":19,"minecraft:pumpkin":8,"minecraft:sweet_berries":34,"minecraft:torch":4,"minecraft:gravel":5,"minecraft:spruce_sapling":9,"minecraft:diorite":44,"minecraft:spruce_log":58,"minecraft:redstone":29,"mekanism:raw_tin":7,"minecraft:rotten_flesh":3,"minecraft:slime_ball":31,"minecraft:diamond":46,"minecraft:granite":46,"minecraft:gray_wool":1,"minecraft:black_wool":1,"minecraft:mutton":16,"minecraft:coal":25,"minecraft:snowball":6,"minecraft:white_wool":7,"minecraft:cobblestone":172},"minecraft:used":{"mekanismtools:osmium_paxel":175,"minecraft:diorite":2,"minecraft:stone_pickaxe":131,"minecraft:chest":4,"minecraft:wooden_pickaxe":4,"minecraft:brown_mushroom":1,"minecraft:torch":1,"minecraft:salmon":4,"minecraft:dirt":15,"minecraft:mutton":10,"minecraft:crafting_table":5,"minecraft:granite":22,"minecraft:wooden_axe":57,"minecraft:diamond_pickaxe":453,"minecraft:apple":7,"minecraft:grass_block":1,"minecraft:bread":7,"minecraft:iron_pickaxe":141,"minecraft:cobblestone":97,"minecraft:beef":11,"minecraft:sweet_berries":36,"minecraft:furnace":1,"minecraft:bone_meal":2,"minecraft:cooked_beef":3}},"DataVersion":3465}