{"stats":{"minecraft:used":{"minecraft:wooden_axe":57,"minecraft:apple":1,"minecraft:grass_block":1},"minecraft:picked_up":{"minecraft:feather":1,"minecraft:stick":3,"minecraft:wheat_seeds":1,"minecraft:torch":4,"minecraft:rabbit_hide":1,"minecraft:beef":3,"minecraft:spruce_sapling":8,"minecraft:spruce_log":47,"minecraft:chest":1,"minecraft:oak_planks":2},"minecraft:dropped":{"minecraft:oak_planks":2},"minecraft:custom":{"minecraft:open_chest":6,"minecraft:time_since_rest":4937,"minecraft:crouch_one_cm":26,"minecraft:play_time":22770,"minecraft:sprint_one_cm":33836,"minecraft:damage_taken":210,"minecraft:walk_one_cm":19637,"minecraft:deaths":1,"minecraft:sneak_time":115,"minecraft:mob_kills":1,"minecraft:drop":2,"minecraft:jump":190,"minecraft:damage_dealt":141,"minecraft:leave_game":4,"minecraft:time_since_death":4628,"minecraft:total_world_time":23115,"minecraft:fall_one_cm":1463,"minecraft:fly_one_cm":31358},"minecraft:crafted":{"minecraft:birch_planks":4,"minecraft:spruce_planks":200},"minecraft:killed":{"minecraft:cow":1},"minecraft:killed_by":{"minecraft:zombie":1},"minecraft:mined":{"minecraft:large_fern":2,"minecraft:chest":1,"minecraft:spruce_leaves":3,"minecraft:spruce_log":47,"minecraft:torch":4,"gravestone:gravestone":1},"minecraft:broken":{"minecraft:wooden_axe":1}},"DataVersion":3465}