{"stats":{"minecraft:used":{"mekanismtools:osmium_paxel":95,"minecraft:diorite":2,"minecraft:stone_pickaxe":131,"minecraft:chest":4,"minecraft:wooden_pickaxe":4,"minecraft:salmon":4,"minecraft:torch":1,"minecraft:dirt":15,"minecraft:mutton":4,"minecraft:crafting_table":5,"minecraft:granite":22,"minecraft:wooden_axe":57,"minecraft:diamond_pickaxe":449,"minecraft:apple":6,"minecraft:grass_block":1,"minecraft:bread":7,"minecraft:iron_pickaxe":141,"minecraft:cobblestone":97,"minecraft:beef":7,"minecraft:sweet_berries":18,"minecraft:furnace":1,"minecraft:cooked_beef":3},"minecraft:mined":{"minecraft:deepslate_redstone_ore":6,"minecraft:diamond_ore":2,"minecraft:tuff":83,"minecraft:brown_mushroom":5,"minecraft:deepslate_diamond_ore":44,"minecraft:clay":13,"minecraft:crafting_table":4,"minecraft:torch":4,"gravestone:gravestone":2,"minecraft:granite":45,"minecraft:grass_block":1,"minecraft:chest":1,"mekanism:tin_ore":7,"minecraft:cobblestone":4,"minecraft:spruce_leaves":7,"minecraft:sugar_cane":30,"minecraft:diorite":44,"minecraft:large_fern":2,"minecraft:seagrass":3,"minecraft:iron_ore":19,"minecraft:sweet_berry_bush":14,"minecraft:spruce_log":58,"minecraft:andesite":4,"minecraft:deepslate_lapis_ore":8,"minecraft:grass":3,"minecraft:coal_ore":25,"minecraft:gravel":6,"minecraft:dirt":3,"mekanism:deepslate_uranium_ore":6,"minecraft:stone":166,"minecraft:oak_leaves":3,"minecraft:deepslate":253,"minecraft:fern":2},"minecraft:killed_by":{"minecraft:zombie":1},"minecraft:killed":{"minecraft:spider":1,"minecraft:slime":35,"minecraft:creeper":1,"minecraft:skeleton":1,"minecraft:sheep":4,"minecraft:zombie":1,"minecraft:cow":4},"minecraft:broken":{"minecraft:stone_pickaxe":1,"minecraft:wooden_axe":1},"minecraft:crafted":{"minecraft:cooked_beef":3,"mekanismtools:osmium_sword":1,"mekanismtools:osmium_paxel":1,"minecraft:crafting_table":2,"minecraft:spruce_planks":228,"minecraft:wooden_pickaxe":1,"mekanismtools:osmium_shovel":1,"minecraft:furnace":1,"minecraft:birch_planks":4,"mekanism:ingot_lead":4,"minecraft:air":0,"mekanismtools:osmium_axe":1,"eyemod:screwdriver":1,"minecraft:diamond_helmet":1,"minecraft:diamond_leggings":1,"minecraft:diamond_pickaxe":1,"minecraft:stick":20,"minecraft:iron_ingot":19,"minecraft:iron_pickaxe":2,"minecraft:stone_pickaxe":1,"minecraft:chest":3,"minecraft:diamond_boots":1,"minecraft:iron_shovel":1,"minecraft:iron_leggings":1,"minecraft:diamond_chestplate":1,"mekanismtools:osmium_pickaxe":1},"minecraft:picked_up":{"minecraft:crafting_table":4,"minecraft:feather":1,"minecraft:clay_ball":56,"mekanism:raw_uranium":6,"minecraft:andesite":4,"minecraft:leather":2,"minecraft:brown_mushroom":5,"minecraft:diamond_sword":1,"minecraft:tuff":83,"gravestone:obituary":2,"minecraft:lapis_lazuli":54,"minecraft:dirt":21,"minecraft:iron_shovel":1,"minecraft:wheat_seeds":3,"minecraft:cobbled_deepslate":253,"minecraft:rabbit_hide":1,"minecraft:beef":10,"minecraft:iron_pickaxe":2,"minecraft:sugar_cane":65,"minecraft:chest":1,"minecraft:oak_planks":2,"minecraft:stick":3,"minecraft:raw_iron":19,"minecraft:sweet_berries":32,"minecraft:torch":4,"minecraft:gravel":5,"minecraft:spruce_sapling":9,"minecraft:diorite":44,"minecraft:spruce_log":58,"minecraft:redstone":29,"mekanism:raw_tin":7,"minecraft:rotten_flesh":3,"minecraft:slime_ball":21,"minecraft:diamond":46,"minecraft:granite":46,"minecraft:white_wool":2,"minecraft:black_wool":1,"minecraft:mutton":4,"minecraft:snowball":6,"minecraft:coal":25,"minecraft:cobblestone":172},"minecraft:dropped":{"minecraft:oak_planks":2,"minecraft:granite":1,"eyemod:screwdriver":1,"minecraft:iron_pickaxe":3,"minecraft:iron_shovel":2},"minecraft:custom":{"minecraft:interact_with_furnace":8,"minecraft:mob_kills":47,"minecraft:interact_with_crafting_table":17,"minecraft:leave_game":6,"minecraft:time_since_death":25750,"minecraft:climb_one_cm":2695,"minecraft:sleep_in_bed":5,"minecraft:time_since_rest":24393,"minecraft:sprint_one_cm":461478,"minecraft:damage_taken":1223,"minecraft:walk_one_cm":83821,"minecraft:drop":9,"minecraft:damage_dealt":2609,"minecraft:swim_one_cm":1339,"minecraft:talked_to_villager":1,"minecraft:fly_one_cm":202612,"minecraft:open_chest":35,"minecraft:crouch_one_cm":941,"minecraft:play_time":119559,"minecraft:deaths":3,"minecraft:sneak_time":969,"minecraft:walk_under_water_one_cm":35,"minecraft:jump":1240,"minecraft:walk_on_water_one_cm":17089,"minecraft:total_world_time":119904,"minecraft:fall_one_cm":9167}},"DataVersion":3465}