{"stats":{"minecraft:broken":{"minecraft:stone_pickaxe":1,"minecraft:wooden_axe":1},"minecraft:killed":{"minecraft:spider":1,"minecraft:slime":44,"minecraft:skeleton":4,"minecraft:iron_golem":1,"minecraft:frog":1,"minecraft:creeper":1,"minecraft:sheep":13,"minecraft:zombie":2,"minecraft:cow":12},"minecraft:used":{"minecraft:chest":4,"minecraft:torch":1,"minecraft:dirt":15,"minecraft:mutton":10,"minecraft:golden_shovel":11,"minecraft:granite":22,"minecraft:wooden_axe":57,"minecraft:grass_block":1,"minecraft:beef":12,"minecraft:sweet_berries":36,"minecraft:furnace":1,"minecraft:cooked_beef":3,"minecraft:cooked_mutton":6,"minecraft:water_bucket":2,"minecraft:diorite":2,"mekanismtools:osmium_paxel":248,"minecraft:stone_pickaxe":131,"minecraft:wooden_pickaxe":4,"minecraft:brown_mushroom":1,"minecraft:salmon":4,"minecraft:crafting_table":5,"minecraft:diamond_pickaxe":1006,"minecraft:apple":7,"minecraft:bread":7,"minecraft:iron_pickaxe":141,"minecraft:cobblestone":104,"minecraft:bucket":4,"minecraft:bone_meal":2},"minecraft:killed_by":{"minecraft:spider":1,"minecraft:zombie":1},"minecraft:custom":{"minecraft:mob_kills":79,"minecraft:interact_with_crafting_table":22,"minecraft:leave_game":10,"minecraft:time_since_death":43286,"minecraft:climb_one_cm":9644,"minecraft:sprint_one_cm":746019,"minecraft:walk_one_cm":127264,"minecraft:drop":9,"minecraft:talked_to_villager":1,"minecraft:play_time":199255,"minecraft:deaths":4,"minecraft:sneak_time":1199,"minecraft:walk_under_water_one_cm":35,"minecraft:jump":2183,"minecraft:walk_on_water_one_cm":48384,"minecraft:total_world_time":199600,"minecraft:interact_with_furnace":37,"minecraft:sleep_in_bed":6,"minecraft:time_since_rest":16802,"minecraft:damage_taken":1860,"minecraft:damage_dealt":5719,"minecraft:swim_one_cm":1339,"minecraft:fly_one_cm":396401,"minecraft:open_chest":70,"minecraft:crouch_one_cm":1226,"minecraft:fall_one_cm":18592},"minecraft:dropped":{"minecraft:granite":1,"eyemod:screwdriver":1,"minecraft:iron_pickaxe":3,"minecraft:iron_shovel":2,"minecraft:oak_planks":2},"minecraft:mined":{"minecraft:diamond_ore":2,"minecraft:crying_obsidian":1,"minecraft:tuff":83,"minecraft:deepslate_diamond_ore":44,"mekanism:deepslate_osmium_ore":2,"minecraft:obsidian":1,"gravestone:gravestone":2,"minecraft:granite":51,"minecraft:grass_block":7,"minecraft:spruce_leaves":7,"minecraft:large_fern":2,"minecraft:magma_block":8,"minecraft:iron_ore":84,"minecraft:snow":1,"minecraft:andesite":11,"minecraft:pumpkin":8,"minecraft:deepslate_lapis_ore":8,"minecraft:vine":1,"minecraft:packed_ice":1,"minecraft:stone":389,"minecraft:deepslate_redstone_ore":12,"mekanism:osmium_ore":5,"minecraft:brown_mushroom":16,"minecraft:crafting_table":4,"minecraft:clay":25,"minecraft:torch":4,"minecraft:chest":1,"minecraft:dead_bush":4,"mekanism:tin_ore":19,"minecraft:cobblestone":4,"minecraft:sugar_cane":87,"minecraft:diorite":76,"minecraft:seagrass":3,"minecraft:sweet_berry_bush":16,"minecraft:spruce_log":60,"minecraft:grass":5,"minecraft:coal_ore":113,"minecraft:gravel":7,"minecraft:dirt":18,"mekanism:deepslate_uranium_ore":6,"minecraft:netherrack":30,"minecraft:mossy_stone_bricks":1,"minecraft:oak_leaves":7,"minecraft:deepslate":329,"minecraft:fern":3},"minecraft:crafted":{"mekanismtools:osmium_paxel":1,"mekanism:ingot_osmium":13,"mekanismtools:osmium_shovel":1,"minecraft:furnace":1,"minecraft:slime_block":1,"minecraft:bone_meal":6,"minecraft:cooked_mutton":7,"mekanismtools:osmium_axe":1,"eyemod:screwdriver":1,"minecraft:diamond_helmet":1,"minecraft:diamond_leggings":1,"minecraft:stone_pickaxe":1,"minecraft:chest":3,"minecraft:diamond_boots":1,"mekanismtools:osmium_pickaxe":1,"minecraft:cooked_beef":14,"mekanismtools:osmium_sword":1,"minecraft:crafting_table":2,"minecraft:spruce_planks":228,"minecraft:wooden_pickaxe":1,"minecraft:bucket":2,"minecraft:birch_planks":4,"mekanism:ingot_lead":4,"minecraft:air":0,"minecraft:diamond_pickaxe":1,"minecraft:stick":20,"minecraft:iron_ingot":71,"minecraft:iron_pickaxe":2,"minecraft:iron_shovel":1,"minecraft:iron_leggings":1,"minecraft:diamond_chestplate":1},"minecraft:picked_up":{"minecraft:crafting_table":4,"minecraft:clay_ball":104,"mekanism:raw_uranium":6,"minecraft:brown_mushroom":15,"minecraft:diamond_sword":1,"gravestone:obituary":2,"minecraft:iron_shovel":1,"minecraft:cobbled_deepslate":328,"minecraft:beef":26,"minecraft:iron_pickaxe":2,"minecraft:sugar_cane":202,"minecraft:chest":1,"minecraft:raw_iron":84,"minecraft:stick":6,"minecraft:torch":4,"minecraft:diorite":76,"minecraft:redstone":55,"mekanism:raw_tin":19,"minecraft:arrow":1,"minecraft:rotten_flesh":5,"minecraft:obsidian":1,"minecraft:mutton":17,"minecraft:white_wool":8,"minecraft:snowball":7,"minecraft:cobblestone":395,"minecraft:magma_block":5,"minecraft:feather":1,"minecraft:andesite":11,"minecraft:leather":7,"minecraft:brown_wool":1,"minecraft:flint":1,"minecraft:tuff":83,"minecraft:lapis_lazuli":54,"minecraft:dirt":39,"mekanism:salt":2,"minecraft:bone":6,"minecraft:apple":1,"minecraft:wheat_seeds":4,"minecraft:rabbit_hide":1,"minecraft:iron_ingot":5,"minecraft:mossy_stone_bricks":1,"minecraft:oak_planks":2,"minecraft:pumpkin":8,"minecraft:sweet_berries":35,"minecraft:gravel":5,"minecraft:spruce_sapling":9,"minecraft:spruce_log":60,"minecraft:crying_obsidian":1,"mekanism:raw_osmium":7,"minecraft:slime_ball":31,"minecraft:diamond":46,"minecraft:granite":52,"minecraft:gray_wool":1,"minecraft:coal":113,"minecraft:black_wool":1,"minecraft:netherrack":13}},"DataVersion":3465}